<?xml version="1.0" encoding="UTF-8"?>
<metadata modelVersion="1.1.0">
  <groupId>com.wacai</groupId>
  <artifactId>spring-boot-starter-webapi</artifactId>
  <version>1.0.6-SNAPSHOT</version>
  <versioning>
    <snapshot>
      <timestamp>20151119.102907</timestamp>
      <buildNumber>5</buildNumber>
    </snapshot>
    <lastUpdated>20151119102907</lastUpdated>
    <snapshotVersions>
      <snapshotVersion>
        <extension>jar</extension>
        <value>1.0.6-20151119.102907-5</value>
        <updated>20151119102907</updated>
      </snapshotVersion>
      <snapshotVersion>
        <extension>pom</extension>
        <value>1.0.6-20151119.102907-5</value>
        <updated>20151119102907</updated>
      </snapshotVersion>
      <snapshotVersion>
        <classifier>sources</classifier>
        <extension>jar</extension>
        <value>1.0.6-20151119.102907-5</value>
        <updated>20151119102907</updated>
      </snapshotVersion>
    </snapshotVersions>
  </versioning>
</metadata>
