<?xml version="1.0" encoding="UTF-8"?>
<metadata modelVersion="1.1.0">
  <groupId>com.wacai</groupId>
  <artifactId>spring-boot-starter-metrics</artifactId>
  <version>1.0.1-SNAPSHOT</version>
  <versioning>
    <snapshot>
      <timestamp>20151210.085414</timestamp>
      <buildNumber>2</buildNumber>
    </snapshot>
    <lastUpdated>20151210085414</lastUpdated>
    <snapshotVersions>
      <snapshotVersion>
        <extension>jar</extension>
        <value>1.0.1-20151210.085414-2</value>
        <updated>20151210085414</updated>
      </snapshotVersion>
      <snapshotVersion>
        <extension>pom</extension>
        <value>1.0.1-20151210.085414-2</value>
        <updated>20151210085414</updated>
      </snapshotVersion>
      <snapshotVersion>
        <classifier>sources</classifier>
        <extension>jar</extension>
        <value>1.0.1-20151210.085414-2</value>
        <updated>20151210085414</updated>
      </snapshotVersion>
      <snapshotVersion>
        <classifier>javadoc</classifier>
        <extension>jar</extension>
        <value>1.0.1-20151210.085414-2</value>
        <updated>20151210085414</updated>
      </snapshotVersion>
    </snapshotVersions>
  </versioning>
</metadata>
