<?xml version="1.0" encoding="UTF-8"?>
<metadata modelVersion="1.1.0">
  <groupId>com.wacai</groupId>
  <artifactId>spring-boot-starter-audit</artifactId>
  <version>0.0.1-SNAPSHOT</version>
  <versioning>
    <snapshot>
      <timestamp>20151210.041338</timestamp>
      <buildNumber>4</buildNumber>
    </snapshot>
    <lastUpdated>20151210041338</lastUpdated>
    <snapshotVersions>
      <snapshotVersion>
        <extension>jar</extension>
        <value>0.0.1-20151210.041338-4</value>
        <updated>20151210041338</updated>
      </snapshotVersion>
      <snapshotVersion>
        <extension>pom</extension>
        <value>0.0.1-20151210.041338-4</value>
        <updated>20151210041338</updated>
      </snapshotVersion>
      <snapshotVersion>
        <classifier>sources</classifier>
        <extension>jar</extension>
        <value>0.0.1-20151210.041338-4</value>
        <updated>20151210041338</updated>
      </snapshotVersion>
      <snapshotVersion>
        <classifier>javadoc</classifier>
        <extension>jar</extension>
        <value>0.0.1-20151210.041338-4</value>
        <updated>20151210041338</updated>
      </snapshotVersion>
    </snapshotVersions>
  </versioning>
</metadata>
