<?xml version="1.0" encoding="UTF-8"?>
<metadata modelVersion="1.1.0">
  <groupId>com.alibaba</groupId>
  <artifactId>dubbo</artifactId>
  <version>2.5.4.1-SNAPSHOT</version>
  <versioning>
    <snapshot>
      <timestamp>20160511.072426</timestamp>
      <buildNumber>1</buildNumber>
    </snapshot>
    <lastUpdated>20160511072426</lastUpdated>
    <snapshotVersions>
      <snapshotVersion>
        <extension>jar</extension>
        <value>2.5.4.1-20160511.072426-1</value>
        <updated>20160511072426</updated>
      </snapshotVersion>
      <snapshotVersion>
        <extension>pom</extension>
        <value>2.5.4.1-20160511.072426-1</value>
        <updated>20160511072426</updated>
      </snapshotVersion>
      <snapshotVersion>
        <classifier>sources</classifier>
        <extension>jar</extension>
        <value>2.5.4.1-20160511.072426-1</value>
        <updated>20160511072426</updated>
      </snapshotVersion>
    </snapshotVersions>
  </versioning>
</metadata>
